{"cameraMode":{"drawMode":0,"name":"Shaded","section":"Shading Mode"},"sceneLighting":false,"audioPlay":false,"sceneViewState":{"showFog":true,"showMaterialUpdate":false,"showSkybox":false,"showFlares":true,"showImageEffects":true,"showParticleSystems":true},"in2DMode":false,"pivot":{"x":18.88811492919922,"y":0.7608360052108765,"z":-0.3754267692565918},"rotation":{"x":-0.0314909853041172,"y":-0.13987083733081819,"z":0.004451162647455931,"w":-0.9896612167358398},"size":0.6495190262794495,"orthographic":false}