{"cameraMode":{"drawMode":0,"name":"Shaded","section":"Shading Mode"},"sceneLighting":false,"audioPlay":false,"sceneViewState":{"showFog":true,"showMaterialUpdate":false,"showSkybox":true,"showFlares":true,"showImageEffects":true,"showParticleSystems":true},"in2DMode":false,"pivot":{"x":8.332056999206543,"y":-2.2220489978790285,"z":-9.058860778808594},"rotation":{"x":-0.10958946496248245,"y":0.0005942545249126852,"z":-0.00006484112236648798,"w":-0.9939817786216736},"size":4.328558444976807,"orthographic":false}