{"cameraMode":{"drawMode":0,"name":"Shaded","section":"Shading Mode"},"sceneLighting":false,"audioPlay":false,"sceneViewState":{"showFog":true,"showMaterialUpdate":false,"showSkybox":true,"showFlares":true,"showImageEffects":true,"showParticleSystems":true},"in2DMode":false,"pivot":{"x":-0.11866138875484467,"y":-1.735379934310913,"z":16.87078857421875},"rotation":{"x":-0.03780116140842438,"y":0.002095644362270832,"z":-0.00008068941679084674,"w":-0.9992907047271729},"size":9.207829475402832,"orthographic":false}