{"cameraMode":{"drawMode":0,"name":"Shaded","section":"Shading Mode"},"sceneLighting":false,"audioPlay":false,"sceneViewState":{"showFog":true,"showMaterialUpdate":false,"showSkybox":false,"showFlares":true,"showImageEffects":true,"showParticleSystems":true},"in2DMode":false,"pivot":{"x":2.8499999046325685,"y":-2.140000104904175,"z":0.0},"rotation":{"x":-0.16222567856311799,"y":0.16551299393177033,"z":-0.02761436253786087,"w":-0.9723888635635376},"size":0.6495190262794495,"orthographic":false}