{"cameraMode":{"drawMode":0,"name":"Shaded","section":"Shading Mode"},"sceneLighting":false,"audioPlay":false,"sceneViewState":{"showFog":true,"showMaterialUpdate":false,"showSkybox":true,"showFlares":true,"showImageEffects":true,"showParticleSystems":true},"in2DMode":false,"pivot":{"x":6.374053478240967,"y":-4.390312671661377,"z":26.397289276123048},"rotation":{"x":-0.07611768692731857,"y":-0.12619012594223023,"z":0.009712185710668564,"w":-0.9890444278717041},"size":14.804821968078614,"orthographic":false}