{"cameraMode":{"drawMode":0,"name":"Shaded","section":"Shading Mode"},"sceneLighting":false,"audioPlay":false,"sceneViewState":{"showFog":true,"showMaterialUpdate":false,"showSkybox":false,"showFlares":true,"showImageEffects":true,"showParticleSystems":true},"in2DMode":false,"pivot":{"x":2.8499999046325685,"y":-2.140000104904175,"z":0.0},"rotation":{"x":-0.03780116140842438,"y":0.002095644362270832,"z":-0.00008068941679084674,"w":-0.9992907047271729},"size":0.6495190262794495,"orthographic":false}